"구별","동별","주차장면수","인구밀도","평균교통량","평균유동인구","평균직장인구","평균거주인구","차량등록대수","주민인구","면적","승객수","구별_더미"
"강남구","개포1동",3332,5450,1871.16118130782,10043.1666666667,157,66,3875,6922,1.27,1383381,1
"강남구","개포2동",15709,11567,1871.16118130782,10305.3333333333,53,94,10266,29032,2.51,4297670,1
"강남구","개포4동",7438,15865,1871.16118130782,24289.3333333333,56,144,8552,23639,1.49,2200443,1
"강남구","논현1동",21536,17664,1385.57515301318,78993.3333333333,331,183,10388,22080,1.25,22841561,1
"강남구","논현2동",24924,14159,1871.16118130782,77894.3333333333,383,150,10196,20814,1.47,18207161,1
"강남구","대치1동",14116,30185,1871.16118130782,56480.6666666667,252,313,17827,23846,0.79,4610907,1
"강남구","대치2동",27402,18549,1871.16118130782,27973.6666666667,452,184,15041,37098,2,27150232,1
"강남구","대치4동",16756,26700,1871.16118130782,136631.5,464,285,13749,19491,0.73,23160438,1
"강남구","도곡1동",13319,20857,1871.16118130782,55651.6666666667,400,216,8961,21274,1.02,7837032,1
"강남구","도곡2동",25404,32202,1171.24388254486,41328.8333333333,1878,331,13523,32846,1.02,9223380,1
"강남구","삼성1동",20674,6566,1301.44227188082,19761.5,676,70,8432,12739,1.94,19090476,1
"강남구","삼성2동",24425,25050,1871.16118130782,70481.3333333333,498,241,12402,31062,1.24,9433356,1
"강남구","세곡동",21737,6821,997.524702931564,4814.16666666667,3,75,19244,43382,6.36,5309496,1
"강남구","수서동",8415,10071,1871.16118130782,9124.5,109,92,5209,14402,1.43,12619894,1
"강남구","신사동",16304,8400,3808.15558046836,36014.3333333333,161,96,7748,15876,1.89,4478167,1
"강남구","신사동",16304,8400,3808.15558046836,36014.3333333333,161,96,7748,15876,1.89,4478167,1
"강남구","압구정동",21948,10238,1871.16118130782,28364.1666666667,176,108,12258,25902,2.53,22222508,1
"강남구","역삼1동",46901,15130,1036.84584481175,70332.3333333333,724,152,21032,35556,2.35,42861690,1
"강남구","역삼2동",32980,32408,1871.16118130782,95658.3333333333,454,328,15266,37269,1.15,5661607,1
"강남구","일원1동",5810,16290,1915.72823159785,29709.1666666667,27,165,4607,14987,0.92,1201882,1
"강남구","일원본동",11775,8921,1871.16118130782,9876.16666666667,154,101,8307,23015,2.58,5823645,1
"강남구","청담동",26910,10939,2495.56107954545,39481.1666666667,240,113,11873,25489,2.33,6610867,1
"강동구","강일동",16089,14627,2124.16620441775,9627.33333333333,4,95,12728,33057,2.26,3801622,2
"강동구","고덕1동",11848,13826,2124.16620441775,17034.6666666667,11,136,8453,23919,1.73,1232919,2
"강동구","고덕2동",11651,11325,4058.70630372493,10442.5,8,93,7971,22764,2.01,1690238,2
"강동구","길동",17661,20910,2124.16620441775,100750.833333333,60,293,15919,45374,2.17,5802029,2
"강동구","둔촌2동",11512,24772,2124.16620441775,44231,31,165,7998,24277,0.98,5471071,2
"강동구","명일1동",13614,42034,2124.16620441775,91060.1666666667,67,417,8341,25641,0.61,5173806,2
"강동구","명일2동",6628,17863,2124.16620441775,20713,31,190,5792,17327,0.97,4647319,2
"강동구","성내1동",10876,34310,2124.16620441775,95642.1666666667,259,307,8309,19900,0.58,5041439,2
"강동구","성내2동",7869,35116,2124.16620441775,150514.5,37,389,6408,23528,0.67,18924272,2
"강동구","성내3동",10656,32494,2124.16620441775,127091.166666667,72,365,6976,23071,0.71,1565661,2
"강동구","암사1동",11699,33599,2124.16620441775,119367.333333333,53,480,10427,34271,1.02,1047323,2
"강동구","암사2동",7056,12770,2124.16620441775,9790,11,66,5015,15069,1.18,6463595,2
"강동구","암사3동",8124,6965,2124.16620441775,6924.5,17,100,6304,17481,2.51,1163485,2
"강동구","천호1동",9974,37563,2124.16620441775,153365.833333333,37,410,8730,26670,0.71,4393552,2
"강동구","천호2동",16529,21545,297.828081232493,58881.8333333333,21,189,9412,33825,1.57,3758143,2
"강동구","천호3동",11090,33771,2124.16620441775,140073,49,467,7608,26679,0.79,1613402,2
"강북구","미아동",7367,23317,1569.54658347463,58659.6666666667,22,267,4767,21685,0.93,8637666,3
"강북구","번1동",6575,28148,1569.54658347463,97479,41,308,4781,18578,0.66,18429555,3
"강북구","번2동",4328,16207,1569.54658347463,34421.5,14,165,3621,15397,0.95,3053665,3
"강북구","번3동",4842,14954,1569.54658347463,25103.1666666667,12,163,4488,16449,1.1,2491434,3
"강북구","삼각산동",12858,49902,1569.54658347463,45628,21,525,9378,30939,0.62,2437761,3
"강북구","삼양동",6786,25374,1569.54658347463,83779.6666666667,11,258,5922,23090,0.91,4118983,3
"강북구","송중동",9441,29614,1569.54658347463,98740.3333333333,21,280,6999,29910,1.01,11218734,3
"강북구","송천동",7837,28887,1569.54658347463,116135.333333333,20,296,5809,25998,0.9,13885997,3
"강북구","수유1동",5866,12276,1569.54658347463,33660.5,11,122,5595,20501,1.67,4755775,3
"강북구","수유2동",7176,36937,1569.54658347463,95555.1666666667,38,367,5368,21054,0.57,3262112,3
"강북구","수유3동",7327,33025,1569.54658347463,116526,47,320,5000,23778,0.72,7054747,3
"강북구","우이동",6600,1985,1569.54658347463,3332.33333333333,3,20,5875,20407,10.28,5351505,3
"강북구","인수동",9633,9121,1569.54658347463,28897.1666666667,15,109,7514,29916,3.28,3077129,3
"강서구","가양1동",49535,7310,1248.82774980472,4467.33333333333,9,68,26665,34359,4.7,14562012,4
"강서구","가양2동",5314,13902,1248.82774980472,18068.8333333333,29,146,4200,13902,1,696671,4
"강서구","가양3동",5567,29356,1248.82774980472,25190.8333333333,47,224,7575,14678,0.5,733804,4
"강서구","공항동",25818,2845,460.283372213582,3659.33333333333,30,27,11520,30927,10.87,5656682,4
"강서구","등촌1동",13600,39048,1248.82774980472,75359.8333333333,133,371,9259,24991,0.64,4798401,4
"강서구","등촌2동",9611,21582,1248.82774980472,46389.1666666667,55,232,6696,19855,0.92,2514525,4
"강서구","등촌3동",17670,38006,1248.82774980472,55491.5,146,297,9117,30025,0.79,10756283,4
"강서구","발산1동",29360,12325,988.56091516828,19081.6666666667,11,124,13981,36236,2.94,8361847,4
"강서구","방화1동",14206,28953,1248.82774980472,53042.3333333333,67,312,14972,42851,1.48,5860869,4
"강서구","방화2동",15923,3646,2787.59321855931,6112.83333333333,6,42,9349,23371,6.41,12211371,4
"강서구","방화3동",8603,8841,1248.82774980472,13549,26,120,7336,22544,2.55,2665736,4
"강서구","염창동",20668,23924,1248.82774980472,43429.1666666667,100,214,15499,41628,1.74,4548188,4
"강서구","우장산동",19795,31532,1248.82774980472,54566.5,49,344,13841,42883,1.36,10499278,4
"강서구","화곡1동",20220,47006,1248.82774980472,152157,42,428,15999,52647,1.12,24771328,4
"강서구","화곡2동",6412,39522,1248.82774980472,86197.8333333333,34,391,4832,17785,0.45,1622771,4
"강서구","화곡3동",9879,40760,1248.82774980472,72954.1666666667,103,416,6431,21603,0.53,1425640,4
"강서구","화곡4동",8090,25017,1248.82774980472,52201.3333333333,32,244,5844,20514,0.82,1760106,4
"강서구","화곡6동",14487,22795,1248.82774980472,49376.6666666667,104,234,7847,25303,1.11,4825927,4
"강서구","화곡8동",8322,46066,758.873493277701,147860,36,437,6098,24415,0.53,2845792,4
"강서구","화곡본동",12732,34817,1248.82774980472,92905.5,30,381,9200,34121,0.98,2982363,4
"관악구","낙성대동",7295,7898,1044.85391736156,21261.3333333333,44,67,3958,17928,2.27,5321774,6
"관악구","난곡동",6325,27791,1044.85391736156,68298,15,278,6307,26679,0.96,3710853,6
"관악구","난향동",5626,18813,1044.85391736156,19595.5,17,201,4838,15050,0.8,1942662,6
"관악구","남현동",7589,5554,1044.85391736156,14060.5,9,44,4997,18163,3.27,23832091,6
"관악구","대학동",7680,3169,1044.85391736156,8503.33333333333,4,30,4922,26301,8.3,9118250,6
"관악구","미성동",10039,22219,1044.85391736156,41204,27,228,8366,30662,1.38,5231734,6
"관악구","보라매동",8659,32447,1044.85391736156,48372.3333333333,24,306,6187,24660,0.76,3724635,6
"관악구","삼성동",5988,7760,1044.85391736156,17880.1666666667,7,92,5884,20642,2.66,3374736,6
"관악구","서림동",5825,24607,1044.85391736156,45142.8333333333,18,260,5487,24361,0.99,4096358,6
"관악구","서원동",6791,36171,1044.85391736156,82513,45,348,5087,23511,0.65,28336124,6
"관악구","성현동",11815,42397,1044.85391736156,69778.3333333333,105,480,8323,28830,0.68,3103820,6
"관악구","신림동",6791,44217,293.247015107212,162758,38,430,4578,23877,0.54,7432318,6
"관악구","신사동",6735,38623,1044.853917,112582.666666667,69,372,5117,24719,0.64,10187282,6
"관악구","신원동",3668,33855,1044.85391736156,120086.333333333,18,330,3312,18620,0.55,907188,6
"관악구","은천동",11107,42508,1044.85391736156,119790.5,63,457,8686,33156,0.78,4703071,6
"관악구","인헌동",6813,24184,1044.85391736156,94934,48,359,5909,26119,1.08,11293378,6
"관악구","조원동",7215,30582,1044.85391736156,92442.8333333333,50,268,4995,20490,0.67,8792256,6
"관악구","중앙동",4599,40218,1044.85391736156,141799.166666667,37,394,2983,15685,0.39,3156749,6
"관악구","청룡동",10372,31468,1044.85391736156,91949.6666666667,56,292,7592,37132,1.18,28515201,6
"관악구","청림동",4182,50017,1044.85391736156,92526.8333333333,101,513,4357,15005,0.3,1327762,6
"관악구","행운동",8846,41161,1796.46081961591,103413.666666667,58,391,6251,29636,0.72,5390685,6
"광진구","광장동",16425,14377,542.774410774411,20741.8333333333,58,123,11677,34362,2.39,6048120,6
"광진구","구의1동",8621,42945,1492.34956434348,145328,66,398,6686,24049,0.56,10190644,6
"광진구","구의2동",8722,19117,1492.34956434348,38029.8333333333,31,198,7279,26573,1.39,7566450,6
"광진구","구의3동",14788,27882,1492.34956434348,41979.3333333333,89,202,9168,28440,1.02,12914418,6
"광진구","군자동",7263,29086,1492.34956434348,74556.5,32,272,5160,21524,0.74,2989565,6
"광진구","능동",6560,10510,1492.34956434348,18258.5,21,106,3050,11561,1.1,15706017,6
"광진구","자양1동",6870,39840,1492.34956434348,128463.333333333,199,366,7654,22709,0.57,2089438,6
"광진구","자양2동",9499,14436,1492.34956434348,32517.6666666667,31,157,8278,24253,1.68,2276670,6
"광진구","자양3동",14240,23215,1492.34956434348,71448,29,259,9386,27858,1.2,2162027,6
"광진구","자양4동",5713,18328,1492.34956434348,65061.5,11,146,5139,21260,1.16,5129717,6
"광진구","중곡1동",4979,25263,1492.34956434348,62206,91,268,4771,15663,0.62,1485387,6
"광진구","중곡2동",6526,38793,1492.34956434348,82555.1666666667,52,400,5212,21336,0.55,2016330,6
"광진구","중곡3동",5359,26962,1492.34956434348,74603.1666666667,25,277,4020,16177,0.6,5209733,6
"광진구","중곡4동",8177,12244,1492.34956434348,31339,22,127,7429,28405,2.32,1228397,6
"광진구","화양동",10647,23347,1492.34956434348,86027.8333333333,24,201,4140,27082,1.16,20082492,6
"구로구","가리봉동",2620,31633,704.764483203022,75304.1666666667,23,223,2730,12653,0.4,2259660,7
"구로구","개봉1동",12330,26034,944.810072055138,50332.8333333333,41,291,11065,34105,1.31,10640200,7
"구로구","개봉2동",10265,38331,704.764483203022,45522.3333333333,95,374,9241,30665,0.8,3755303,7
"구로구","개봉3동",8032,25001,464.790522347873,39865,25,262,5738,20251,0.81,1386916,7
"구로구","고척1동",12075,22100,704.764483203022,38880.8333333333,71,213,7843,25636,1.16,3991126,7
"구로구","고척2동",9547,26036,704.764483203022,55657.1666666667,31,270,8676,26557,1.02,3277307,7
"구로구","구로1동",7000,20525,704.764483203022,15748.5,47,211,16478,20936,1.02,1269764,7
"구로구","구로2동",16305,17098,704.764483203022,43510.8333333333,77,136,10547,30093,1.76,8963979,7
"구로구","구로3동",24482,24564,704.764483203022,70643.6666666667,507,231,8883,25055,1.02,29482041,7
"구로구","구로4동",5048,50113,704.764483203022,110602.166666667,40,379,7549,23052,0.46,2532473,7
"구로구","구로5동",18865,30816,704.764483203022,58321.1666666667,134,273,11679,31740,1.03,8175324,7
"구로구","수궁동",9864,8739,704.764483203022,9345.66666666667,14,89,8144,23332,2.67,8801328,7
"구로구","신도림동",20948,24584,915.692967409949,38190.6666666667,99,276,12771,36138,1.47,22537540,7
"구로구","오류1동",8300,39197,704.764483203022,43906.3333333333,61,323,6882,23126,0.59,4765380,7
"구로구","오류2동",17390,12040,346.791292013097,13727.1666666667,11,122,14046,38528,3.2,7668421,7
"금천구","가산동",53019,10543,732.637226761426,24572.8333333333,376,103,20010,26569,2.52,26070260,8
"금천구","독산1동",26177,22762,1266.31402926595,20809.5,66,216,17955,47573,2.09,8509691,8
"금천구","독산2동",5346,32603,1328.39696738908,68538.6666666667,30,319,5237,19562,0.6,3161442,8
"금천구","독산3동",9885,29608,1328.39696738908,63087,43,251,7600,27239,0.92,5113917,8
"금천구","독산4동",5312,27851,1328.39696738908,63911,29,257,4510,16432,0.59,3595999,8
"금천구","시흥1동",14115,19915,1328.39696738908,34808.8333333333,46,235,11891,34054,1.71,8448200,8
"금천구","시흥2동",7585,16533,1739.34624655647,12587.3333333333,29,188,7155,20832,1.26,2266068,8
"금천구","시흥3동",6325,10001,1575.29036697248,15325.8333333333,61,84,4388,10701,1.07,1271754,8
"금천구","시흥4동",6300,23694,1328.39696738908,41849,18,257,6283,20614,0.87,2506285,8
"금천구","시흥5동",5084,13843,1328.39696738908,18472.6666666667,12,132,5395,19242,1.39,4042494,8
"노원구","공릉1동",14082,26372,1520.95440442176,95436.6666666667,52,310,11081,37184,1.41,12284277,9
"노원구","공릉2동",18724,6237,1165.39910931357,10023.8333333333,10,55,13080,42538,6.82,8090458,9
"노원구","상계10동",6856,23096,1520.95440442176,23599.5,13,217,5362,18477,0.8,2200090,9
"노원구","상계1동",14425,6736,1561.06801467599,12464.1666666667,11,78,13791,37857,5.62,6781940,9
"노원구","상계2동",8349,32179,1520.95440442176,158475.166666667,39,327,6041,19629,0.61,16514084,9
"노원구","상계3.4동",7769,5015,1520.95440442176,10703.5,4,54,8062,25324,5.05,3909336,9
"노원구","상계5동",4947,23502,1520.95440442176,94466.1666666667,35,436,5909,23737,1.01,7860440,9
"노원구","상계6.7동",11812,28868,740.528291316527,42666.1666666667,44,234,8976,32044,1.11,3892569,9
"노원구","상계8동",5101,33349,1520.95440442176,17495.3333333333,18,343,6503,22344,0.67,5010287,9
"노원구","상계9동",5906,24779,1520.95440442176,26632.3333333333,32,254,5793,20071,0.81,1287387,9
"노원구","월계1동",9316,18603,1520.95440442176,43278.8333333333,24,205,6728,21580,1.16,4541403,9
"노원구","월계2동",9180,13436,1520.95440442176,17374.1666666667,6,138,7806,26066,1.94,4134733,9
"노원구","월계3동",10996,25115,2616.82220238095,16043,12,247,8861,29384,1.17,4093754,9
"노원구","중계1동",9864,42190,1520.95440442176,61482,35,440,8457,26580,0.63,2030357,9
"노원구","중계2.3동",9352,37219,1520.95440442176,48599.6666666667,24,389,8493,33497,0.9,7777761,9
"노원구","중계4동",6500,11530,1520.95440442176,17631.1666666667,13,134,5719,19601,1.7,2280260,9
"노원구","중계본동",9135,11917,1520.95440442176,17289.5,9,119,7840,23477,1.97,2688277,9
"노원구","하계1동",10360,17408,1520.95440442176,27820,32,187,7494,26982,1.55,3651132,9
"노원구","하계2동",5520,42435,1520.95440442176,58696,28,441,6220,21642,0.51,7750512,9
"도봉구","도봉1동",7935,2365,982.818017656501,3931.33333333333,3,25,6637,20622,8.72,3623884,10
"도봉구","도봉2동",10466,31758,910.505063916953,23921.1666666667,18,231,8455,26359,0.83,7952384,10
"도봉구","방학1동",13443,41174,910.505063916953,57650.3333333333,63,278,10234,28410,0.69,5310075,10
"도봉구","방학2동",5715,26154,910.505063916953,28413,9,184,4841,19354,0.74,1490496,10
"도봉구","방학3동",6835,10115,910.505063916953,16153,16,150,8372,26500,2.62,2966970,10
"도봉구","쌍문1동",7242,17294,910.505063916953,35191.3333333333,15,185,6407,21445,1.24,2715520,10
"도봉구","쌍문2동",6249,34187,910.505063916953,85786.3333333333,27,357,4939,18461,0.54,3143532,10
"도봉구","쌍문3동",5627,33868,910.505063916953,100052.166666667,40,332,3916,16934,0.5,2668939,10
"도봉구","쌍문4동",4711,35285,910.505063916953,52890.5,25,354,5445,18348,0.52,1990209,10
"도봉구","창1동",6767,27843,910.505063916953,44476.6666666667,16,228,8208,24502,0.88,14614966,10
"도봉구","창2동",10273,27578,838.192110177404,136624.333333333,38,453,8164,28957,1.05,2459348,10
"도봉구","창3동",3729,20348,910.505063916953,53045.5,12,225,3646,13633,0.67,1686603,10
"도봉구","창4동",10805,27496,910.505063916953,27942,24,236,8501,26121,0.95,3999752,10
"도봉구","창5동",11136,34776,910.505063916953,57591.5,105,372,7758,24343,0.7,10718427,10
"동대문구","답십리1동",13610,35222,2851.03057889823,82567,94,356,9608,28530,0.81,2499480,11
"동대문구","답십리2동",9090,33006,2851.03057889823,72114.6666666667,33,340,8629,28055,0.85,3579384,11
"동대문구","용신동",16812,22445,2851.03057889823,72548.3333333333,150,196,10209,36137,1.61,23294536,11
"동대문구","이문1동",7147,20544,2851.03057889823,80716.1666666667,40,185,4081,21366,1.04,4139788,11
"동대문구","이문2동",6493,29251,2851.03057889823,52802.3333333333,32,293,5343,20183,0.69,3128950,11
"동대문구","장안1동",19466,30942,2851.03057889823,65751.6666666667,79,284,12984,38677,1.25,6006908,11
"동대문구","장안2동",14889,29986,2851.03057889823,67231,56,295,10665,32685,1.09,4893058,11
"동대문구","전농1동",11320,24555,2851.03057889823,97846.5,13,271,7491,29220,1.19,17161391,11
"동대문구","전농2동",7287,21662,2851.03057889823,25212.6666666667,41,195,5449,18629,0.86,3040667,11
"동대문구","제기동",9163,22444,2851.03057889823,79153.5,46,210,6448,26484,1.18,9736465,11
"동대문구","청량리동",8940,15912,2851.03057889823,41750.8333333333,41,164,5091,19094,1.2,4167901,11
"동대문구","회기동",6029,17811,2851.03057889823,56888.1666666667,9,127,2124,13536,0.76,2247383,11
"동대문구","휘경1동",6499,25935,2851.03057889823,106085.166666667,30,265,3932,16339,0.63,9645480,11
"동대문구","휘경2동",11358,23491,2851.03057889823,43700.8333333333,36,201,6353,24666,1.05,3850133,11
"동작구","노량진1동",11784,20325,1408.39005199781,36034.3333333333,31,170,8681,32114,1.58,20354636,12
"동작구","노량진2동",3051,17553,3202.41165135301,63993.8333333333,76,223,2372,11234,0.64,4527840,12
"동작구","대방동",11523,23907,3202.41165135301,34545.8333333333,71,244,10553,37056,1.55,15689667,12
"동작구","사당1동",6402,29125,3202.41165135301,102220.333333333,62,366,5473,23009,0.79,2912763,12
"동작구","사당2동",8975,10468,4996.43325070822,21604.1666666667,9,89,8292,28786,2.75,17032162,12
"동작구","사당3동",8752,26292,3202.41165135301,49509.3333333333,40,279,7093,24189,0.92,2006349,12
"동작구","사당4동",3804,37329,3202.41165135301,94206.6666666667,32,335,3513,14185,0.38,3928167,12
"동작구","사당5동",5588,25323,3202.41165135301,40547,24,223,4203,14434,0.57,1457483,12
"동작구","상도1동",16684,30574,3202.41165135301,56906.1666666667,41,302,12452,46166,1.51,17639856,12
"동작구","상도2동",13047,28553,3202.41165135301,65367.3333333333,22,348,8192,27982,0.98,6672300,12
"동작구","상도3동",6020,40760,3202.41165135301,92637.3333333333,21,379,5688,24456,0.6,2801865,12
"동작구","상도4동",7252,38085,3202.41165135301,68518.5,27,305,6879,28564,0.75,2388036,12
"동작구","신대방1동",5897,40513,3202.41165135301,39745,108,345,7495,25118,0.62,2086652,12
"동작구","신대방2동",12756,21791,3202.41165135301,44406.5,215,204,6373,22445,1.03,4920223,12
"동작구","흑석동",16126,18270,3202.41165135301,33978,7,157,9097,30694,1.68,8641691,12
"마포구","공덕동",14702,37105,2780.70624850322,142500.833333333,51,406,11977,37476,1.01,15352354,13
"마포구","대흥동",7158,18594,2780.70624850322,62934.3333333333,66,168,3898,16177,0.87,13144785,13
"마포구","도화동",9631,34061,2780.70624850322,40606,152,252,7819,21118,0.62,2462207,13
"마포구","망원1동",9530,17484,3085.9454,56594.5,28,187,5704,19757,1.13,2070973,13
"마포구","망원2동",14095,27536,2780.70624850322,52276,43,157,5346,18449,0.67,1644813,13
"마포구","상암동",10849,3671,2819.1336797846,6215.16666666667,20,41,11290,30837,8.4,16901574,13
"마포구","서강동",24674,17639,2780.70624850322,27572.5,33,130,7664,25576,1.45,8060157,13
"마포구","서교동",8126,16166,2780.70624850322,92355.1666666667,164,144,8441,26674,1.65,60134648,13
"마포구","성산1동",5631,23849,2780.70624850322,54130.3333333333,68,226,6287,19079,0.8,2600917,13
"마포구","성산2동",13274,19082,2780.70624850322,33966.8333333333,14,203,11442,39500,2.07,10469893,13
"마포구","신수동",12720,29067,2780.70624850322,50611.8333333333,61,252,7447,22672,0.78,766779,13
"마포구","아현동",7140,34453,2780.70624850322,71774,250,321,8421,26184,0.76,9328062,13
"마포구","연남동",6893,24380,2780.70624850322,89452.8333333333,50,243,4083,15603,0.64,2287588,13
"마포구","염리동",31057,40075,2780.70624850322,81223.8333333333,84,250,5236,17633,0.44,1242643,13
"마포구","용강동",7173,25936,2780.70624850322,78697.6666666667,145,219,9488,21786,0.84,6145193,13
"마포구","합정동",16770,9921,2437.03966572505,26390.3333333333,32,111,6345,17064,1.72,2283201,13
"서대문구","남가좌1동",5014,33106,1234.44936590611,14116.6666666667,82,340,5397,16884,0.51,4221426,14
"서대문구","남가좌2동",16266,39621,1234.44936590611,73148,23,381,8492,30508,0.77,4093986,14
"서대문구","북가좌1동",12845,32371,1234.44936590611,44469.3333333333,31,303,7375,17804,0.55,1950857,14
"서대문구","북가좌2동",6621,37195,1234.44936590611,149981.5,37,415,8515,31244,0.84,3692260,14
"서대문구","북아현동",5803,34511,1234.44936590611,369826.833333333,40,359,4479,15875,0.46,2475360,14
"서대문구","신촌동",19409,9940,1232.25588316722,38381.1666666667,20,77,3885,26143,2.63,26093916,14
"서대문구","연희동",14660,12271,1123.06310595645,26992.8333333333,50,122,9990,37428,3.05,9549108,14
"서대문구","천연동",5189,17558,1234.44936590611,37126.6666666667,21,202,4895,17031,0.97,5922194,14
"서대문구","충현동",11582,18139,1234.44936590611,94681.6666666667,124,184,7007,20316,1.12,14766900,14
"서대문구","홍은1동",6636,14446,1234.44936590611,22565.6666666667,49,149,7100,22825,1.58,2418420,14
"서대문구","홍은2동",10590,13349,1348.02910859466,24993.8333333333,28,132,7363,27499,2.06,6876787,14
"서대문구","홍제1동",8056,20060,1234.44936590611,40421.5,17,163,6553,24674,1.23,12856212,14
"서대문구","홍제2동",5968,12793,1234.44936590611,38616.6666666667,10,202,3685,13433,1.05,1948799,14
"서대문구","홍제3동",4303,22086,1234.44936590611,38340.8333333333,11,145,4622,17890,0.81,3258893,14
"서초구","내곡동",11009,1377,1978.88687992096,157.333333333333,11,14,8252,17455,12.68,3392651,15
"서초구","반포1동",17294,34443,1978.88687992096,64522,73,323,11760,34443,1,7258074,15
"서초구","반포2동",9473,11661,1869.47583932854,13334.5,78,128,5827,15742,1.35,3433024,15
"서초구","반포3동",11136,17791,446.413441955193,20185.3333333333,65,169,7828,22773,1.28,4764548,15
"서초구","반포4동",19332,13627,1647.83403459561,44759,668,137,7042,19486,1.43,31754654,15
"서초구","반포본동",691,289,1978.88687992096,1645.66666666667,164,80,1250,292,1.01,1163908,15
"서초구","방배1동",9809,24119,1978.88687992096,67766.3333333333,275,249,7283,16883,0.7,7308178,15
"서초구","방배2동",10052,9613,1293.77046460177,24059,88,106,5992,18553,1.93,3327160,15
"서초구","방배3동",13608,7217,1610.18703703704,12817.6666666667,74,88,7024,17321,2.4,8791916,15
"서초구","방배4동",13476,23907,1978.88687992096,77130.1666666667,229,249,8080,23429,0.98,3524302,15
"서초구","방배본동",12483,31012,1696.30285274621,68641.6666666667,430,320,7910,20778,0.67,2462544,15
"서초구","서초1동",20030,14523,1978.88687992096,54491.5,343,152,17110,20622,1.42,17533529,15
"서초구","서초2동",27793,21719,1978.88687992096,60481,552,174,10137,26932,1.24,33836124,15
"서초구","서초3동",36164,11051,1408.36818054892,38201,225,105,15218,32379,2.93,23478922,15
"서초구","서초4동",21017,34683,1978.88687992096,67953.5,425,356,11805,30521,0.88,4608565,15
"서초구","양재1동",31702,7410,1978.88687992096,14706.1666666667,58,78,20923,42683,5.76,24074775,15
"서초구","양재2동",32216,2872,3858.14580274107,7769.66666666667,58,30,12982,21766,7.58,7973415,15
"서초구","잠원동",13664,14996,1978.88687992096,31333.5,89,154,9994,26393,1.76,4894040,15
"성동구","금호1가동",5457,32907,1514.01340804369,90219.6666666667,52,356,4796,15137,0.46,3451578,16
"성동구","금호2.3가동",6764,35036,1514.01340804369,88900.3333333333,11,367,6261,22423,0.64,1705829,16
"성동구","금호4가동",5423,16938,1514.01340804369,21471.6666666667,14,155,4525,14228,0.84,4919775,16
"성동구","마장동",8796,21625,1514.01340804369,36168,71,210,8577,22706,1.05,3871594,16
"성동구","사근동",7355,12802,1514.01340804369,22448.1666666667,22,101,2250,14082,1.1,6079167,16
"성동구","성수1가1동",7635,8328,1514.01340804369,14273.8333333333,16,74,10397,16407,1.97,4027258,16
"성동구","성수1가2동",9712,13845,1514.01340804369,47656.6666666667,63,136,6759,12322,0.89,8214983,16
"성동구","성수2가1동",8387,13432,1514.01340804369,36737.5,89,147,7981,15716,1.17,1970081,16
"성동구","성수2가3동",16697,10214,1514.01340804369,46921.6666666667,227,106,6981,10520,1.03,13603249,16
"성동구","송정동",3118,13952,1275.93929398148,50595.3333333333,21,183,2781,10464,0.75,1037903,16
"성동구","옥수동",10683,13321,1729.74263707391,22322.5,39,217,8857,25843,1.94,5533032,16
"성동구","왕십리2동",5044,40702,1514.01340804369,109563,33,449,4485,16688,0.41,5939436,16
"성동구","왕십리도선동",13447,37365,1514.01340804369,72979,83,377,8066,26903,0.72,2567734,16
"성동구","용답동",6002,5433,1536.35829307568,13090,20,50,7795,12551,2.31,13948519,16
"성동구","응봉동",3151,26491,1514.01340804369,47575.1666666667,31,288,4547,15100,0.57,1604900,16
"성동구","행당1동",7516,23722,1514.01340804369,66775.8333333333,42,250,4222,13996,0.59,14465722,16
"성동구","행당2동",9357,55114,1514.01340804369,87044.1666666667,6,526,6717,23148,0.42,4399100,16
"성북구","길음1동",13513,44304,1551.26909871986,80418.5,79,447,10746,35000,0.79,12245019,17
"성북구","길음2동",12483,37462,1551.26909871986,93241.8333333333,10,309,6447,21728,0.58,3612474,17
"성북구","돈암1동",5809,29539,1105.86365223464,47998.8333333333,50,327,4161,14474,0.49,4754964,17
"성북구","돈암2동",9912,49285,1551.26909871986,68755.3333333333,19,448,7574,23657,0.48,1817854,17
"성북구","동선동",6177,21740,1551.26909871986,102189.166666667,184,216,3419,15870,0.73,6018133,17
"성북구","보문동",3535,29843,1551.26909871986,82708,126,286,4588,16712,0.56,4787261,17
"성북구","삼선동",8283,25048,1551.26909871986,83154.1666666667,72,281,5773,23044,0.92,19056839,17
"성북구","석관동",9890,20413,1551.26909871986,44393.3333333333,21,201,9752,35315,1.73,10262135,17
"성북구","성북동",5775,5905,207.937832607644,6468.5,71,42,4781,16889,2.86,4825402,17
"성북구","안암동",7994,12871,1551.26909871986,39174,36,115,3092,17118,1.33,6713695,17
"성북구","월곡1동",9587,32307,1551.26909871986,71833.8333333333,30,317,7481,26169,0.81,3689200,17
"성북구","월곡2동",8437,14514,1368.48476454294,45627.3333333333,36,151,5277,19739,1.36,7951954,17
"성북구","장위1동",4431,34403,1551.26909871986,125629,19,283,6535,24082,0.7,3009859,17
"성북구","장위2동",3079,20331,2218.80849811676,59963,26,203,3290,13622,0.67,5003592,17
"성북구","장위3동",6574,24412,1551.26909871986,33431.8333333333,18,260,5084,15868,0.65,2125264,17
"성북구","정릉1동",6064,41357,1551.26909871986,104446.5,32,448,6152,18197,0.44,4051205,17
"성북구","정릉2동",7628,19582,1551.26909871986,41206.5,15,207,6441,22911,1.17,3531810,17
"성북구","정릉3동",4300,4465,2855.25074609734,7611.16666666667,8,48,3615,16567,3.71,2712528,17
"성북구","정릉4동",8622,7959,1551.26909871986,8747.83333333333,6,69,7238,24911,3.13,6229068,17
"성북구","종암동",13161,27473,1551.26909871986,63585.5,148,267,10601,40111,1.46,6206689,17
"송파구","가락1동",15237,20538,1364.03181523537,9173.83333333333,44,205,11406,27521,1.34,10573114,18
"송파구","가락2동",12780,32990,1364.03181523537,72844.6666666667,109,353,10758,31670,0.96,6498510,18
"송파구","가락본동",14520,22905,1364.03181523537,80068.8333333333,273,264,12586,25883,1.13,3113688,18
"송파구","거여1동",4289,24029,1364.03181523537,71406.1666666667,75,246,4079,12255,0.51,4147125,18
"송파구","거여2동",11775,44802,1364.03181523537,134644.5,58,371,7416,23745,0.53,1028052,18
"송파구","마천1동",6255,32100,1364.03181523537,64327.5,19,344,5887,18618,0.58,3500957,18
"송파구","마천2동",5296,20393,1364.03181523537,49408.1666666667,28,235,5743,18150,0.89,2164334,18
"송파구","문정1동",9330,35564,1364.03181523537,83296.1666666667,579,337,10886,19916,0.56,1475133,18
"송파구","문정2동",28046,13110,1593.49728631608,7375.83333333333,174,125,14562,28841,2.2,12266488,18
"송파구","방이1동",7152,30920,1364.03181523537,71507.8333333333,157,278,6856,15460,0.5,3503517,18
"송파구","방이2동",14183,32943,1364.03181523537,94117.3333333333,326,342,7838,26354,0.8,4075700,18
"송파구","삼전동",12320,31486,1364.03181523537,69582.3333333333,78,317,8827,29912,0.95,2522653,18
"송파구","석촌동",14710,33265,1364.03181523537,75982.3333333333,94,345,9893,31602,0.95,8639060,18
"송파구","송파1동",11156,30390,1364.03181523537,97365.3333333333,127,363,7725,24008,0.79,5910500,18
"송파구","송파2동",7959,35749,1503.11787634409,46705.8333333333,223,325,6712,18947,0.53,698002,18
"송파구","오금동",16772,23053,1364.03181523537,47797,162,234,13805,38037,1.65,6698509,18
"송파구","오륜동",7021,5616,1364.03181523537,1591.16666666667,80,59,6680,17804,3.17,6746730,18
"송파구","위례동",7598,17495,1364.03181523537,6186.66666666667,5,117,15102,44613,2.55,4349136,18
"송파구","잠실2동",23732,15998,1364.03181523537,6874.83333333333,27,125,12195,34876,2.18,8541968,18
"송파구","잠실3동",19193,22915,1364.03181523537,21087,145,234,12045,34143,1.49,6101889,18
"송파구","잠실4동",9925,13604,1364.03181523537,19785.5,115,259,10216,21223,1.56,7189758,18
"송파구","잠실6동",16454,5990,1609.2922615651,18440.1666666667,333,123,12281,16713,2.79,35291288,18
"송파구","잠실7동",1829,15712,732.598562763713,6974.5,209,146,3642,9427,0.6,6847335,18
"송파구","잠실본동",13187,30168,1364.03181523537,64277.8333333333,83,251,8851,28358,0.94,5791010,18
"송파구","장지동",27829,21242,1364.03181523537,54830.1666666667,52,232,10964,29102,1.37,9109368,18
"송파구","풍납1동",5641,16766,1381.65308918784,42062.8333333333,16,131,4284,12910,0.77,1195931,18
"송파구","풍납2동",15038,15362,1364.03181523537,26572.1666666667,118,128,7824,24426,1.59,2246987,18
"양천구","목1동",22653,21657,1779.93581702056,29927.3333333333,111,201,11633,30536,1.41,19408431,19
"양천구","목2동",10032,28778,1779.93581702056,65606.6666666667,54,298,8754,29641,1.03,9173258,19
"양천구","목3동",8357,40979,1779.93581702056,97436.3333333333,47,422,6422,21719,0.53,6760337,19
"양천구","목4동",8332,43891,1779.93581702056,118533.666666667,50,449,7319,25018,0.57,3078587,19
"양천구","목5동",13789,22507,1779.93581702056,23288.6666666667,152,205,14330,40737,1.81,4768921,19
"양천구","신월1동",7001,31297,1779.93581702056,73291.3333333333,36,335,8200,20343,0.65,1504809,19
"양천구","신월2동",7271,33720,1779.93581702056,85381,49,351,6770,20569,0.61,2256141,19
"양천구","신월3동",3881,17166,720.527216805942,32752.5,18,169,5656,14934,0.87,1157587,19
"양천구","신월4동",6355,34035,2127.41603807471,86676.5,39,392,6426,17698,0.52,1959288,19
"양천구","신월5동",5523,20958,1443.63565891473,34497.3333333333,42,280,4634,14461,0.69,1404231,19
"양천구","신월6동",6096,33698,1779.93581702056,33422.8333333333,26,314,6987,13816,0.41,1713914,19
"양천구","신월7동",4182,16134,3594.38136407301,17927.8333333333,31,168,6258,19199,1.19,2006710,19
"양천구","신정1동",6045,28517,1779.93581702056,44672.6666666667,160,289,8242,19962,0.7,2011525,19
"양천구","신정2동",6507,36544,1779.93581702056,61298.5,235,337,6277,19003,0.52,1073760,19
"양천구","신정3동",19107,18598,1779.93581702056,32482.1666666667,27,164,16268,50587,2.72,9014638,19
"양천구","신정4동",12870,32729,1013.71880723443,99120.8333333333,73,337,9028,33056,1.01,9478419,19
"양천구","신정6동",9010,25158,1779.93581702056,18223.3333333333,187,257,8833,24152,0.96,1813648,19
"양천구","신정7동",9316,23619,1779.93581702056,24423.8333333333,50,261,9145,28579,1.21,3879820,19
"영등포구","당산1동",10582,27653,1417.41598685847,75928.5,122,278,7716,20740,0.75,10577106,20
"영등포구","당산2동",15902,23937,1112.10287769784,44058.3333333333,91,246,12907,37102,1.55,18035045,20
"영등포구","대림1동",5788,33686,1417.41598685847,133659.666666667,49,301,4883,16506,0.49,1774035,20
"영등포구","대림2동",4955,31860,1319.12835451977,100342.833333333,80,216,4068,17523,0.55,1550447,20
"영등포구","대림3동",8648,26532,1417.41598685847,62986.5,65,245,8106,25205,0.95,12904872,20
"영등포구","도림동",6339,22022,1417.41598685847,100347.666666667,30,338,5691,19600,0.89,1666467,20
"영등포구","문래동",19191,21839,2175.35552473417,35208.5,470,191,13986,32540,1.49,10610135,20
"영등포구","신길1동",6205,31035,1417.41598685847,76852,46,227,4941,20483,0.66,6201836,20
"영등포구","신길3동",5215,33233,1417.41598685847,84984.3333333333,26,323,4931,17281,0.52,2137136,20
"영등포구","신길4동",2932,34253,1417.41598685847,107050.666666667,42,351,3731,13016,0.38,1275887,20
"영등포구","신길5동",2592,23855,1417.41598685847,59707.8333333333,28,232,3400,11212,0.47,1411196,20
"영등포구","신길6동",8537,30143,1417.41598685847,94595,39,310,5281,19593,0.65,6202053,20
"영등포구","신길7동",6197,31092,1417.41598685847,57182.5,45,319,6702,19899,0.64,5144530,20
"영등포구","양평1동",10939,21255,1109.75765765766,42517.5,147,200,9745,18704,0.88,4121006,20
"영등포구","양평2동",11720,7528,1417.41598685847,16881.3333333333,57,87,11895,22583,3,5762034,20
"영등포구","여의동",50360,3919,1422.90374633956,8539,325,51,20629,32923,8.4,44772559,20
"영등포구","영등포동",20184,24175,1365.24776020184,62632.8333333333,104,202,10572,30461,1.26,16127480,20
"영등포구","영등포본동",7073,22269,1417.41598685847,72815.3333333333,68,255,6261,22714,1.02,9090952,20
"용산구","남영동",5552,6346,1274.42963723308,23737.3333333333,269,104,2660,7552,1.19,12656306,21
"용산구","보광동",2800,19803,1274.42963723308,33285.1666666667,12,158,3072,14060,0.71,1904575,21
"용산구","서빙고동",6523,4806,1274.42963723308,5929.5,67,60,4710,13458,2.8,2733584,21
"용산구","용문동",4697,41657,1274.42963723308,85780.3333333333,93,432,3372,11664,0.28,1012708,21
"용산구","용산2가동",1177,5272,648.77607177264,16663.8333333333,9,48,2126,10333,1.96,5492055,21
"용산구","원효로1동",9967,30125,1274.42963723308,85648.5,78,273,6336,17774,0.59,2757893,21
"용산구","원효로2동",6196,19430,1274.42963723308,37111,51,155,5039,13795,0.71,1841731,21
"용산구","이촌1동",10058,8988,2556.53638718309,25428.8333333333,51,131,8907,25707,2.86,1965219,21
"용산구","이촌2동",2159,6634,1274.42963723308,10585,24,73,2709,8094,1.22,991004,21
"용산구","이태원1동",3966,13942,1274.42963723308,39178.8333333333,225,117,2310,7947,0.57,6234938,21
"용산구","이태원2동",3786,12124,375.871026011561,31952.8333333333,14,105,2528,10427,0.86,1472906,21
"용산구","청파동",6781,22037,1274.42963723308,76798,71,228,4277,19833,0.9,2483973,21
"용산구","한강로동",30057,7892,1274.42963723308,14685.8333333333,139,59,12285,22886,2.9,29132779,21
"용산구","한남동",16498,7327,1516.53506396502,15475.5,131,67,7488,22054,3.01,12372158,21
"용산구","효창동",3837,24745,1274.42963723308,73365.5,35,214,3246,10888,0.44,4184013,21
"용산구","후암동",4578,19549,1274.42963723308,37943.1666666667,27,204,4014,16812,0.86,1912898,21
"은평구","갈현1동",5483,17681,1063.4988925042,89732.5,29,252,5431,17151,0.97,14619545,22
"은평구","갈현2동",9867,29350,1063.4988925042,67105.1666666667,38,283,7503,28176,0.96,5644214,22
"은평구","구산동",10833,23203,858.279627539503,49035.6666666667,32,249,9339,32020,1.38,3263556,22
"은평구","녹번동",12606,20606,1063.4988925042,46509.3333333333,27,194,10447,36884,1.79,10514890,22
"은평구","대조동",9260,31602,1063.4988925042,140030.666666667,30,314,6064,26862,0.85,10796448,22
"은평구","불광1동",12620,12225,1063.4988925042,14167.1666666667,10,98,10463,38265,3.13,6682643,22
"은평구","불광2동",7884,19768,1063.4988925042,49136.1666666667,21,226,6484,27280,1.38,3773514,22
"은평구","수색동",6420,10240,999.315414951989,19590,15,90,4695,13210,1.29,2689953,22
"은평구","신사1동",8841,32124,1063.4988925042,89736,30,334,8015,26984,0.84,8758704,22
"은평구","신사2동",5669,19497,1063.4988925042,40406.6666666667,18,198,6210,19497,1,6152165,22
"은평구","역촌동",15275,38779,1063.4988925042,140065,42,409,12134,44984,1.16,4700619,22
"은평구","응암1동",15599,27733,1063.4988925042,64597.1666666667,26,275,9505,33279,1.2,5777412,22
"은평구","응암2동",9913,35918,1063.4988925042,28710.8333333333,16,328,8786,28016,0.78,2112509,22
"은평구","응암3동",6041,38592,1063.4988925042,124929,26,371,5715,24313,0.63,3806196,22
"은평구","증산동",8679,23021,1332.9016350211,46315,31,172,5125,18647,0.81,6089684,22
"은평구","진관동",31613,4773,1063.4988925042,4787,3,44,17867,55034,11.53,14393040,22
"종로구","가회동",3238,7528,868.078249628247,15522.5,208,77,1265,4065,0.54,708215,23
"종로구","교남동",5240,28554,1310.34207650273,79097.1666666667,30,294,2942,9994,0.35,3385038,23
"종로구","무악동",3185,22367,868.078249628247,35228.6666666667,13,189,2796,8052,0.36,712841,23
"종로구","부암동",3533,4201,868.078249628247,4436.16666666667,19,45,3140,9536,2.27,3314522,23
"종로구","사직동",12605,7606,893.018257783883,21816.6666666667,410,82,8170,9355,1.23,26307086,23
"종로구","삼청동",2237,1773,868.078249628247,4547.83333333333,42,19,777,2642,1.49,1540812,23
"종로구","숭인1동",1512,26335,868.078249628247,84690,19,257,1477,6057,0.23,2199667,23
"종로구","숭인2동",3776,30026,1011.86965148378,119280.833333333,54,270,2185,10509,0.35,7672238,23
"종로구","이화동",8766,9783,643.509523809524,38468,58,101,1714,7631,0.78,16140595,23
"종로구","종로1.2.3.4가동",18551,3702,937.99149473441,22052.5,401,30,6317,8700,2.35,55700851,23
"종로구","종로5.6가동",4754,9695,868.078249628247,63953.5,260,87,1749,5817,0.6,21487964,23
"종로구","창신1동",2175,17365,868.078249628247,75749.1666666667,44,173,1197,5383,0.31,3450511,23
"종로구","창신2동",917,33831,868.078249628247,194472.166666667,13,324,1433,8796,0.26,46393,23
"종로구","창신3동",1637,28722,868.078249628247,72872.3333333333,14,320,1657,6606,0.23,1559807,23
"종로구","청운효자동",4592,4598,513.769341138659,13676.8333333333,44,51,3584,11818,2.57,2583194,23
"종로구","평창동",9390,2013,823.300307930378,1126.5,28,22,6629,17858,8.87,2960278,23
"종로구","혜화동",5954,17314,810.825343642612,61992.6666666667,65,145,3519,19392,1.12,5521557,23
"중구","광희동",8776,9030,849.526772073946,41466.3333333333,571,70,2434,6682,0.74,14336227,25
"중구","다산동",4827,27361,849.526772073946,66762.8333333333,123,266,3352,13954,0.51,1230177,25
"중구","동화동",5014,39227,849.526772073946,73718,46,334,2920,10199,0.26,2841301,25
"중구","명동",15101,3675,869.497463259197,39169.1666666667,733,28,7791,3638,0.99,27336721,25
"중구","소공동",14062,3766,823.202481669487,21746.8333333333,845,23,4174,3578,0.95,24539362,25
"중구","신당5동",2794,26956,849.526772073946,90149,29,327,2990,10513,0.39,1999118,25
"중구","신당동",7819,16522,849.526772073946,103354.166666667,60,143,3474,9087,0.55,8642004,25
"중구","약수동",6341,34604,1193.11691433566,41235.8333333333,347,336,4730,16610,0.48,7264910,25
"중구","을지로동",4828,3187,849.526772073946,58353.8333333333,259,32,1652,1912,0.6,17584576,25
"중구","장충동",5458,3916,938.003642056886,15258.5,103,45,1304,5326,1.36,4340602,25
"중구","중림동",5383,25704,849.526772073946,44093.3333333333,89,253,3822,12338,0.48,1571659,25
"중구","청구동",5147,39562,849.526772073946,99367.5,90,407,3544,13451,0.34,838782,25
"중구","필동",4903,4225,849.526772073946,10915.6666666667,119,28,2110,4816,1.14,9577856,25
"중구","황학동",6894,40785,814.625945317045,158439.833333333,52,384,3461,13459,0.33,1249435,25
"중구","회현동",11806,6217,458.714185805397,26552.3333333333,646,56,11613,5222,0.84,41263512,25
"중랑구","망우3동",4324,17721,1693.45406532594,40782.1666666667,11,177,5274,16303,0.92,1518234,25
"중랑구","망우본동",14616,11850,1693.45406532594,32076.5,11,99,11189,35905,3.03,6526857,25
"중랑구","면목2동",6122,31436,1693.45406532594,76099.3333333333,20,333,7445,24206,0.77,2123745,25
"중랑구","면목3.8동",7070,15102,1693.45406532594,35093,22,160,6075,24617,1.63,8758952,25
"중랑구","면목4동",4786,21547,1693.45406532594,68243.6666666667,20,228,5174,18746,0.87,3650235,25
"중랑구","면목5동",7247,21194,1693.45406532594,45242.5,18,256,4711,14836,0.7,1500183,25
"중랑구","면목7동",6840,18165,1693.45406532594,51462.8333333333,12,186,5996,21798,1.2,1927158,25
"중랑구","면목본동",8157,40305,1693.45406532594,112782,21,408,8022,33856,0.84,9547726,25
"중랑구","묵1동",15177,28620,1693.45406532594,56267,22,299,10614,34344,1.2,2471834,25
"중랑구","묵2동",6276,27797,1693.45406532594,82004.6666666667,30,285,5620,18624,0.67,4424013,25
"중랑구","상봉1동",9696,26948,1693.45406532594,57445.5,27,270,8059,23714,0.88,2098867,25
"중랑구","상봉2동",6796,31711,1693.45406532594,95604,81,302,5353,20612,0.65,12360724,25
"중랑구","신내1동",17192,14924,1693.45406532594,23477.8333333333,18,168,12815,38205,2.56,7772786,25
"중랑구","신내2동",6670,21672,1693.45406532594,28343.8333333333,40,226,6891,20155,0.93,3415106,25
"중랑구","중화1동",5636,30145,1693.45406532594,91441.8333333333,31,318,5571,19293,0.64,1230639,25
"중랑구","중화2동",6279,24679,1693.45406532594,69106,16,266,6185,24926,1.01,7993112,25
